timestamp,voltage_0,voltage_1,voltage_2,voltage_3
1725851401.060648,1.633875,1.648375,0.5876250000000001,0.678875
1725851401.102029,1.6340000000000001,1.648125,0.589,0.68175
1725851401.1463132,1.635125,1.6463750000000001,0.586875,0.677625
1725851401.1950457,1.635125,1.646875,0.589125,0.6763750000000001
1725851401.2410595,1.63375,1.64825,0.591875,0.673125
1725851401.2881389,1.6335,1.648375,0.59,0.674625
1725851401.3293529,1.63475,1.6465,0.586875,0.675125
1725851401.3702118,1.6335,1.648125,0.59225,0.675875
1725851401.4182162,1.6343750000000001,1.6475,0.5875,0.675125
1725851401.4600697,1.63425,1.64775,0.590875,0.674875
1725851401.4998124,1.635,1.6465,0.586875,0.674625
1725851401.539072,1.6335,1.648375,0.591875,0.681
1725851401.5788975,1.635,1.6463750000000001,0.588,0.68725
1725851401.6197407,1.633875,1.6475,0.5906250000000001,0.6773750000000001
1725851401.659182,1.633375,1.647125,0.58975,0.676125
1725851401.7011704,1.63475,1.64675,0.588875,0.6753750000000001
1725851401.7428498,1.633625,1.6480000000000001,0.5915,0.6773750000000001
1725851401.7817707,1.634875,1.64625,0.587,0.67925
1725851401.82274,1.63375,1.648375,0.59175,0.672875
1725851401.862709,1.635,1.64625,0.58775,0.6743750000000001
1725851401.9021335,1.633875,1.647125,0.589,0.672625
1725851401.942414,1.633625,1.648125,0.591875,0.6723750000000001
1725851401.9833355,1.634875,1.646625,0.586375,0.6735
1725851402.023941,1.633375,1.648125,0.593625,0.677
1725851402.068952,1.63375,1.6475,0.589375,0.677125
1725851402.1123319,1.635,1.646625,0.588,0.674
1725851402.152291,1.6340000000000001,1.648625,0.591375,0.672
1725851402.2016912,1.634125,1.64775,0.588,0.673875
1725851402.2470272,1.635,1.6465,0.5875,0.672875
1725851402.2945287,1.63525,1.64675,0.589125,0.67425
1725851402.3403497,1.6340000000000001,1.6485,0.592875,0.671375
1725851402.3834834,1.635,1.648125,0.590375,0.6697500000000001
1725851402.4320302,1.635375,1.6475,0.5895,0.674625
1725851402.4838574,1.635375,1.64825,0.5896250000000001,0.672
1725851402.5372689,1.633875,1.6485,0.58875,0.6723750000000001
1725851402.58537,1.633875,1.6476250000000001,0.5906250000000001,0.67325
1725851402.647568,1.633875,1.648625,0.58875,0.673
1725851402.7214086,1.633625,1.648875,0.588,0.67575
1725851402.7841556,1.63525,1.6475,0.588375,0.68375
1725851402.8505878,1.635,1.648625,0.5896250000000001,0.68175
1725851402.90983,1.6343750000000001,1.64725,0.58775,0.67
1725851402.9624555,1.63525,1.6465,0.5885,0.674625
1725851403.0093899,1.6340000000000001,1.648125,0.588875,0.67725
1725851403.0894463,1.633625,1.64825,0.588125,0.675
1725851403.141495,1.63375,1.648125,0.59175,0.6733750000000001
1725851403.1826375,1.635,1.648125,0.5876250000000001,0.677
1725851403.2265089,1.63425,1.647875,0.591125,0.675125
1725851403.2652183,1.635,1.646125,0.5866250000000001,0.6743750000000001
1725851403.3055878,1.6335,1.6485,0.59275,0.67525
1725851403.346599,1.635125,1.64675,0.587375,0.6775
1725851403.3854456,1.633875,1.647375,0.59,0.68
1725851403.4293923,1.635,1.6465,0.5886250000000001,0.675875
1725851403.4676838,1.635,1.647,0.5885,0.67575
1725851403.5070345,1.6335,1.6480000000000001,0.5916250000000001,0.6753750000000001
1725851403.5487611,1.635,1.646125,0.587125,0.6743750000000001
1725851403.5873203,1.63375,1.648125,0.5906250000000001,0.6743750000000001
1725851403.6258886,1.633625,1.648125,0.591,0.67425
1725851403.666744,1.635125,1.6465,0.58625,0.6735
1725851403.7055907,1.633375,1.6485,0.5925,0.674
1725851403.745836,1.635125,1.64675,0.588375,0.674
1725851403.7855225,1.633875,1.647375,0.588375,0.676125
1725851403.8243728,1.63375,1.648375,0.5916250000000001,0.6765
1725851403.864327,1.635125,1.646625,0.587,0.674125
1725851403.904106,1.6335,1.64825,0.591375,0.677625
1725851403.944339,1.635125,1.647125,0.5895,0.6733750000000001
1725851403.983742,1.634875,1.646875,0.587875,0.67625
1725851404.0230124,1.633625,1.648375,0.59275,0.68025
1725851404.0621042,1.63525,1.646875,0.588125,0.67725
1725851404.1015499,1.6340000000000001,1.64725,0.58925,0.6880000000000001
1725851404.1417131,1.633625,1.6480000000000001,0.592,0.677125
1725851404.180932,1.634875,1.64625,0.586875,0.675875
1725851404.2200968,1.633375,1.6476250000000001,0.590375,0.672875
1725851404.2592382,1.633625,1.6475,0.591375,0.67275
1725851404.2995782,1.634875,1.646875,0.58775,0.673
1725851404.3404562,1.6335,1.64825,0.592125,0.676
1725851404.380998,1.635,1.64625,0.5865,0.674875
1725851404.4212933,1.633625,1.64825,0.59125,0.67475
1725851404.4599977,1.6345,1.6476250000000001,0.59,0.676625
1725851404.4997916,1.635125,1.647375,0.586875,0.678625
1725851404.5427089,1.63425,1.647875,0.59125,0.677625
1725851404.5828636,1.635125,1.646625,0.586875,0.678
1725851404.622132,1.63375,1.648375,0.592625,0.675
1725851404.6613145,1.635,1.646875,0.58775,0.6753750000000001
1725851404.7014966,1.6343750000000001,1.647,0.58975,0.6785
1725851404.7418435,1.6335,1.6480000000000001,0.59175,0.682625
1725851404.7821186,1.63525,1.6463750000000001,0.586125,0.68775
1725851404.8213456,1.633625,1.648375,0.5925,0.67625
1725851404.8619483,1.635,1.64675,0.58875,0.6735
1725851404.9037182,1.6335,1.64825,0.589375,0.67375
1725851404.9426732,1.63375,1.647875,0.5906250000000001,0.672875
1725851404.9819512,1.635125,1.6465,0.58675,0.671875
1725851405.0211272,1.63375,1.648375,0.59225,0.670875
1725851405.0618122,1.63525,1.64675,0.589125,0.6723750000000001
1725851405.1012383,1.634625,1.647,0.58775,0.676
1725851405.1396296,1.63375,1.6480000000000001,0.5925,0.67325
1725851405.182403,1.635,1.64675,0.5866250000000001,0.6743750000000001
1725851405.2217672,1.633625,1.64825,0.592,0.67825
1725851405.2639534,1.634875,1.64625,0.587875,0.67925
1725851405.3022165,1.6335,1.64725,0.589375,0.6755
1725851405.3413916,1.63375,1.6480000000000001,0.59175,0.673125
1725851405.382419,1.634875,1.6463750000000001,0.5866250000000001,0.67575
1725851405.422092,1.633625,1.64825,0.5925,0.6793750000000001
1725851405.4618726,1.634875,1.647,0.588875,0.67625
1725851405.5020874,1.633625,1.647875,0.588375,0.67875
1725851405.542246,1.633375,1.647875,0.591,0.688875
1725851405.5819385,1.635125,1.64625,0.5865,0.681
1725851405.6206088,1.6335,1.648125,0.592375,0.681
1725851405.6627724,1.635,1.6463750000000001,0.587125,0.6725
1725851405.7027574,1.63375,1.64775,0.5895,0.674625
1725851405.741242,1.633625,1.6475,0.591125,0.6705
1725851405.783998,1.635125,1.646875,0.587375,0.67225
1725851405.8230748,1.633625,1.648125,0.592375,0.673125
1725851405.8622525,1.634875,1.6465,0.58825,0.6725
1725851405.9017842,1.6340000000000001,1.6475,0.58925,0.6795
1725851405.9424028,1.6335,1.646875,0.591125,0.6735
1725851405.9837396,1.63475,1.646625,0.58725,0.675125
1725851406.0233512,1.633625,1.648375,0.592875,0.674125
1725851406.0693026,1.63375,1.6476250000000001,0.5886250000000001,0.675125
1725851406.111827,1.635125,1.6463750000000001,0.5865,0.6835
1725851406.154389,1.6340000000000001,1.64825,0.592375,0.67275
1725851406.1964257,1.635125,1.64625,0.587375,0.669875
1725851406.235455,1.634125,1.6475,0.58975,0.676875
1725851406.2745879,1.633625,1.647375,0.590875,0.672625
1725851406.316215,1.635125,1.646625,0.587,0.677125
1725851406.3557832,1.633875,1.648375,0.593,0.6725
1725851406.395643,1.63475,1.6465,0.588,0.676875
1725851406.4354973,1.63375,1.6476250000000001,0.588125,0.67875
1725851406.4763944,1.6345,1.64775,0.591375,0.6785
1725851406.5174134,1.635125,1.646875,0.587375,0.678
1725851406.5563178,1.633875,1.64825,0.592375,0.676125
1725851406.5971959,1.634875,1.6460000000000001,0.5866250000000001,0.675875
1725851406.635553,1.633625,1.647375,0.59,0.671375
1725851406.674822,1.63375,1.6475,0.5905,0.669625
1725851406.7159505,1.635125,1.646875,0.587125,0.6707500000000001
1725851406.754948,1.63375,1.64825,0.59325,0.67475
1725851406.796414,1.63525,1.6463750000000001,0.586875,0.6745
1725851406.836163,1.633875,1.6476250000000001,0.58925,0.678125
1725851406.8747315,1.633625,1.64775,0.591375,0.673625
1725851406.9153767,1.635125,1.646625,0.586375,0.679625
1725851406.9550312,1.633625,1.648625,0.593625,0.67975
1725851406.9972365,1.635,1.6465,0.58625,0.677
1725851407.0385132,1.633625,1.64825,0.59225,0.677125
1725851407.0784748,1.635125,1.64675,0.587875,0.677125
1725851407.118,1.634125,1.646875,0.589375,0.675125
1725851407.1578596,1.633875,1.64775,0.591,0.680625
1725851407.202065,1.633875,1.6480000000000001,0.589125,0.681
1725851407.242104,1.63375,1.64775,0.59075,0.679875
1725851407.2818272,1.634625,1.6463750000000001,0.58675,0.681625
1725851407.3236115,1.6335,1.6485,0.592625,0.686
1725851407.3627608,1.635,1.646625,0.5876250000000001,0.67375
1725851407.401749,1.633875,1.647125,0.589125,0.679625
1725851407.4410677,1.6335,1.648375,0.591875,0.673
1725851407.4795895,1.635,1.6463750000000001,0.5876250000000001,0.67725
1725851407.5212681,1.6335,1.648375,0.591875,0.67475
1725851407.5632818,1.634875,1.646125,0.58675,0.6755
1725851407.603277,1.633625,1.647875,0.59025,0.6863750000000001
1725851407.6451247,1.635,1.6463750000000001,0.589,0.684
1725851407.6855733,1.63375,1.6475,0.58925,0.683125
1725851407.7244115,1.633625,1.6480000000000001,0.59175,0.682625
1725851407.7651277,1.634875,1.6463750000000001,0.586375,0.684
1725851407.8039773,1.633625,1.64825,0.59175,0.68525
1725851407.8432472,1.634625,1.647375,0.5895,0.687625
1725851407.8839004,1.63475,1.647,0.58775,0.686625
1725851407.9242058,1.633625,1.648375,0.59075,0.683875
1725851407.9709067,1.633875,1.648625,0.5915,0.683125
1725851408.0119538,1.63525,1.64675,0.58725,0.685
1725851408.0529425,1.633375,1.6476250000000001,0.589375,0.68525
1725851408.0921526,1.633625,1.648125,0.5916250000000001,0.68925
1725851408.1303475,1.634875,1.64625,0.58625,0.686625
1725851408.1708827,1.6335,1.6485,0.591375,0.6895
1725851408.211558,1.635,1.64675,0.587375,0.685125
1725851408.253984,1.633375,1.6480000000000001,0.590875,0.686
1725851408.3009214,1.634625,1.648375,0.590375,0.6865
1725851408.3543823,1.633625,1.64775,0.58825,0.6825
1725851408.4081392,1.633625,1.646875,0.58975,0.685125
1725851408.4647357,1.63475,1.6463750000000001,0.58875,0.678875
1725851408.512153,1.635375,1.6465,0.587875,0.682
1725851408.5635064,1.635375,1.6465,0.5906250000000001,0.6853750000000001
1725851408.6175191,1.63425,1.648625,0.591125,0.68925
1725851408.6635573,1.635,1.6465,0.587375,0.6885
1725851408.717723,1.6343750000000001,1.64725,0.590875,0.689625
1725851408.7659023,1.63525,1.647,0.58625,0.68725
1725851408.8087413,1.63375,1.6480000000000001,0.591875,0.6880000000000001
1725851408.8539033,1.633625,1.648375,0.589375,0.6875
1725851408.8943746,1.635125,1.64675,0.588125,0.690375
1725851408.9358037,1.633625,1.6475,0.590125,0.6905
1725851408.978487,1.63475,1.6463750000000001,0.588375,0.68225
1725851409.0189965,1.633875,1.647375,0.589,0.686
1725851409.0576792,1.6335,1.648125,0.592625,0.6875
1725851409.0967097,1.635,1.6463750000000001,0.587,0.690125
1725851409.1362388,1.6335,1.64825,0.5915,0.68875
1725851409.182807,1.63475,1.6465,0.586125,0.697125
1725851409.2223673,1.6335,1.64825,0.592875,0.688875
1725851409.2626233,1.635125,1.6463750000000001,0.5866250000000001,0.69075
1725851409.3033965,1.633625,1.6480000000000001,0.591125,0.694875
1725851409.3424819,1.633875,1.6475,0.591125,0.6935
1725851409.3824642,1.63475,1.64625,0.5865,0.691375
1725851409.4217615,1.6335,1.648625,0.592125,0.6895
1725851409.4605522,1.635125,1.647375,0.58975,0.686875
1725851409.5006106,1.634625,1.646625,0.588,0.68975
1725851409.5410135,1.633625,1.6480000000000001,0.591875,0.688375
1725851409.5812726,1.635,1.6463750000000001,0.586375,0.691125
1725851409.6209073,1.633625,1.64825,0.591875,0.69475
1725851409.6609619,1.63475,1.647,0.5895,0.689125
1725851409.7005477,1.634125,1.647375,0.58875,0.69075
1725851409.7416422,1.633625,1.6480000000000001,0.59175,0.6900000000000001
1725851409.7802827,1.634625,1.646125,0.586375,0.6930000000000001
1725851409.82131,1.6335,1.64825,0.59225,0.689625
1725851409.8643136,1.634875,1.64625,0.58625,0.685875
1725851409.9047134,1.6335,1.64825,0.591875,0.68375
1725851409.9435709,1.634625,1.647375,0.59,0.683
1725851409.9824944,1.635,1.6465,0.587,0.6835
1725851410.0209749,1.633625,1.648375,0.592,0.68325
1725851410.0603807,1.635125,1.6476250000000001,0.58975,0.68325
1725851410.0999918,1.635,1.64675,0.58725,0.68425
1725851410.1408124,1.633625,1.6480000000000001,0.592,0.6835
1725851410.1842506,1.6345,1.6475,0.5866250000000001,0.68525
1725851410.2238305,1.633375,1.648625,0.591875,0.6875
1725851410.2633262,1.635125,1.6463750000000001,0.5865,0.68075
1725851410.3036098,1.633625,1.648375,0.59125,0.686125
1725851410.3434365,1.63475,1.647875,0.589875,0.6880000000000001
1725851410.3816516,1.635,1.64625,0.5866250000000001,0.68675
1725851410.4224157,1.63375,1.6485,0.5925,0.68425
1725851410.461553,1.634875,1.646875,0.588375,0.684
1725851410.5003638,1.635,1.64675,0.5876250000000001,0.685625
1725851410.5396903,1.633625,1.64825,0.5925,0.681625
1725851410.580781,1.634875,1.64625,0.586125,0.68725
1725851410.6204093,1.6335,1.64825,0.59175,0.689625
1725851410.6593292,1.63425,1.64725,0.59075,0.68325
1725851410.700202,1.634875,1.646875,0.5875,0.6835
1725851410.7414308,1.6335,1.64775,0.592125,0.68575
1725851410.7814183,1.634875,1.646125,0.58625,0.6915
1725851410.8203242,1.6335,1.6480000000000001,0.591125,0.68625
1725851410.859029,1.63375,1.64725,0.590375,0.6865
1725851410.8999777,1.635,1.64675,0.58675,0.685625
1725851410.9398336,1.6335,1.648375,0.59275,0.687125
1725851410.9793162,1.635125,1.6463750000000001,0.5865,0.679625
1725851411.0207927,1.633625,1.648125,0.5916250000000001,0.6813750000000001
1725851411.0599222,1.634625,1.647375,0.589,0.682875
1725851411.1006784,1.634875,1.646625,0.588,0.6835
1725851411.1400058,1.63375,1.64825,0.59275,0.680875
1725851411.1806889,1.634875,1.64625,0.587,0.6813750000000001
1725851411.2198017,1.633625,1.647875,0.59075,0.6835
1725851411.2614539,1.635125,1.646625,0.58875,0.678875
1725851411.3020005,1.633625,1.647,0.58875,0.681875
1725851411.3407297,1.633875,1.648125,0.5915,0.6825
1725851411.3815212,1.635,1.6463750000000001,0.5865,0.682875
1725851411.4212985,1.633625,1.648375,0.592375,0.686
1725851411.4615924,1.635125,1.646625,0.5886250000000001,0.688125
1725851411.5011349,1.6340000000000001,1.64725,0.588375,0.68775
1725851411.5415745,1.6335,1.647875,0.591375,0.692625
1725851411.5834658,1.635,1.6465,0.586375,0.6833750000000001
1725851411.622373,1.633625,1.648375,0.592875,0.686
1725851411.6618166,1.63525,1.64625,0.58725,0.6783750000000001
1725851411.7026598,1.6335,1.6480000000000001,0.589125,0.68
1725851411.7418528,1.63375,1.6475,0.5915,0.679625
1725851411.7820265,1.635,1.6465,0.58675,0.68225
1725851411.821493,1.63375,1.64825,0.59125,0.680125
1725851411.8613245,1.635,1.64675,0.589,0.684875
1725851411.9006598,1.634875,1.646875,0.5876250000000001,0.683
1725851411.9402616,1.63375,1.648125,0.592375,0.685125
1725851411.9814675,1.634875,1.6463750000000001,0.58575,0.686875
1725851412.0226493,1.63375,1.6485,0.59225,0.6875
1725851412.0616145,1.635125,1.64675,0.588375,0.6835
1725851412.1024497,1.633625,1.6476250000000001,0.589375,0.686125
1725851412.1421046,1.63375,1.64775,0.5905,0.685
1725851412.1832898,1.634875,1.64675,0.586875,0.687875
1725851412.2224557,1.633625,1.64825,0.592,0.6873750000000001
1725851412.2613237,1.63525,1.646625,0.588375,0.687
1725851412.30126,1.63425,1.64725,0.588375,0.6865
1725851412.33993,1.633625,1.64825,0.592625,0.685625
1725851412.3799844,1.635,1.64625,0.5866250000000001,0.6825
1725851412.4215112,1.63375,1.64825,0.59125,0.689375
1725851412.4638379,1.6345,1.646125,0.587,0.682625
1725851412.5044281,1.633625,1.64825,0.591125,0.684625
1725851412.5435545,1.63475,1.6475,0.59,0.6833750000000001
1725851412.5830014,1.634875,1.6463750000000001,0.5865,0.686625
1725851412.6220615,1.633625,1.648375,0.59225,0.689875
1725851412.6610026,1.635,1.64675,0.589125,0.68425
1725851412.70133,1.63375,1.647125,0.58825,0.6895
1725851412.7411604,1.633375,1.648125,0.59125,0.6863750000000001
1725851412.781524,1.635,1.6460000000000001,0.587,0.687
1725851412.8243172,1.6335,1.6475,0.591,0.686
1725851412.8663204,1.63475,1.646625,0.586875,0.688375
1725851412.906574,1.633625,1.648375,0.59275,0.6900000000000001
1725851412.9455578,1.635,1.646625,0.588125,0.6823750000000001
1725851412.9856718,1.6335,1.6476250000000001,0.5886250000000001,0.6873750000000001
1725851413.025282,1.6335,1.64775,0.591125,0.6945
1725851413.0677655,1.6340000000000001,1.64725,0.58675,0.689875
1725851413.1093738,1.634875,1.6463750000000001,0.5885,0.687875
1725851413.1589985,1.6343750000000001,1.6476250000000001,0.592375,0.6873750000000001
1725851413.2005312,1.634875,1.647,0.5885,0.68675
1725851413.244763,1.635,1.6465,0.5875,0.68725
1725851413.2887638,1.63375,1.648625,0.5925,0.6900000000000001
1725851413.3315518,1.63475,1.6463750000000001,0.586125,0.6865
1725851413.37366,1.63375,1.647375,0.591875,0.689125
1725851413.4157858,1.63475,1.646625,0.58675,0.68775
1725851413.4553688,1.63375,1.648375,0.592,0.6863750000000001
1725851413.4954476,1.635,1.64625,0.58725,0.691125
1725851413.5367253,1.633625,1.64825,0.591,0.69175
1725851413.577525,1.634875,1.6465,0.58925,0.6895
1725851413.6178112,1.63425,1.646875,0.588,0.692375
1725851413.6564136,1.633625,1.64825,0.592375,0.68975
1725851413.696255,1.63475,1.64625,0.5865,0.694875
1725851413.737877,1.6335,1.647875,0.590375,0.6925
1725851413.7768793,1.635125,1.647375,0.5896250000000001,0.687875
1725851413.8188589,1.633625,1.6476250000000001,0.588375,0.692125
1725851413.858307,1.633625,1.6480000000000001,0.591875,0.693625
1725851413.8988721,1.635125,1.6465,0.58625,0.693375
1725851413.9400332,1.633625,1.648125,0.5925,0.69225
1725851414.008307,1.633625,1.6480000000000001,0.5886250000000001,0.690875
1725851414.047845,1.635,1.6465,0.585375,0.691875
1725851414.0878503,1.633625,1.64825,0.59225,0.69725
1725851414.130432,1.63475,1.64775,0.590125,0.694625
1725851414.2022352,1.633875,1.648375,0.5885,0.6935
1725851414.246847,1.63525,1.646875,0.587,0.7035
1725851414.2964694,1.63525,1.64625,0.590125,0.698375
1725851414.3457255,1.635125,1.6465,0.5875,0.697625
1725851414.3965576,1.635,1.647,0.58925,0.699625
1725851414.448908,1.63525,1.647,0.588,0.702875
1725851414.4960165,1.63525,1.6465,0.58825,0.7010000000000001
1725851414.5463521,1.63525,1.6465,0.589125,0.698375
1725851414.5936975,1.635,1.647,0.589,0.69625
1725851414.6377008,1.6335,1.64825,0.592,0.69525
1725851414.6805058,1.63475,1.6463750000000001,0.58625,0.694625
1725851414.7228878,1.633625,1.64825,0.592875,0.69675
1725851414.7624414,1.635125,1.6463750000000001,0.5866250000000001,0.6925
1725851414.805414,1.6335,1.648375,0.59225,0.69875
1725851414.845907,1.634875,1.64625,0.587,0.6985
1725851414.8860118,1.6335,1.647875,0.590375,0.697625
1725851414.9258204,1.6340000000000001,1.646875,0.5896250000000001,0.696375
1725851414.9663944,1.635,1.646625,0.58825,0.697375
1725851415.007937,1.633375,1.648125,0.5905,0.6935
1725851415.0502357,1.635,1.646625,0.587375,0.694625
1725851415.0895746,1.633375,1.64825,0.59225,0.69575
1725851415.1283245,1.635125,1.6465,0.58775,0.69875
1725851415.1694462,1.63375,1.647875,0.58975,0.702125
1725851415.2083182,1.63375,1.647875,0.591875,0.6960000000000001
1725851415.2472801,1.63475,1.64625,0.58625,0.692875
1725851415.2896783,1.6335,1.648125,0.592,0.6970000000000001
1725851415.32811,1.63525,1.6465,0.588,0.695875
1725851415.3698437,1.6335,1.6480000000000001,0.5896250000000001,0.6950000000000001
1725851415.408609,1.63375,1.647875,0.590875,0.69675
1725851415.448193,1.635,1.64625,0.586,0.6890000000000001
1725851415.4875004,1.6335,1.648125,0.591375,0.6875
1725851415.5265648,1.634875,1.647375,0.590125,0.6930000000000001
1725851415.566297,1.634875,1.64675,0.587375,0.696625
1725851415.606212,1.633375,1.648125,0.592875,0.69525
1725851415.6451762,1.634625,1.6463750000000001,0.5875,0.6900000000000001
1725851415.686171,1.633625,1.648125,0.5896250000000001,0.698125
1725851415.7253644,1.633375,1.648125,0.590875,0.692625
1725851415.7644558,1.634875,1.6460000000000001,0.586375,0.695875
1725851415.805705,1.633625,1.648625,0.59225,0.693375
1725851415.844992,1.635,1.6465,0.587875,0.69375
1725851415.8862183,1.633625,1.64775,0.59025,0.69775
1725851415.9257843,1.6340000000000001,1.6476250000000001,0.5905,0.680875
1725851415.9652224,1.635125,1.6465,0.58675,0.69025
1725851416.0056012,1.633625,1.648375,0.5925,0.69175
1725851416.0450428,1.63475,1.64675,0.588,0.687
1725851416.08409,1.63425,1.646625,0.5885,0.6865
1725851416.1230702,1.63325,1.6485,0.5925,0.688375
1725851416.1632547,1.634875,1.64625,0.58625,0.687625
1725851416.2062967,1.63375,1.648375,0.592375,0.689125
1725851416.2456858,1.634875,1.64675,0.587375,0.688375
1725851416.286556,1.633625,1.64825,0.5906250000000001,0.687125
1725851416.3269815,1.634875,1.647,0.588,0.685875
1725851416.3666885,1.635,1.6463750000000001,0.588,0.690375
1725851416.4056907,1.633375,1.64875,0.592875,0.691875
1725851416.445248,1.635,1.6463750000000001,0.587375,0.693875
1725851416.4855866,1.633625,1.6476250000000001,0.58975,0.691875
1725851416.5262992,1.634625,1.64775,0.590375,0.691625
1725851416.567129,1.634625,1.647125,0.58775,0.69075
1725851416.6093187,1.6345,1.64775,0.5915,0.687625
1725851416.6493454,1.634875,1.6465,0.58675,0.692625
1725851416.68835,1.633625,1.648375,0.592875,0.695625
1725851416.729069,1.63475,1.646625,0.58675,0.691625
1725851416.7687573,1.6335,1.647375,0.592,0.688125
1725851416.8118794,1.635,1.64625,0.58625,0.689125
1725851416.8523564,1.633875,1.6476250000000001,0.590125,0.6880000000000001
1725851416.8931384,1.634625,1.64775,0.59,0.6880000000000001
1725851416.9350429,1.6335,1.6476250000000001,0.588875,0.6895
1725851416.9740956,1.633375,1.6480000000000001,0.592125,0.689625
1725851417.0132797,1.634875,1.646125,0.585875,0.692625
1725851417.053657,1.633625,1.64825,0.592,0.6873750000000001
1725851417.0933433,1.635125,1.6465,0.5885,0.683125
1725851417.1350489,1.63375,1.647375,0.5876250000000001,0.688125
1725851417.1734703,1.633625,1.6485,0.592625,0.68775
1725851417.213916,1.63475,1.64625,0.586125,0.68325
1725851417.2546234,1.633375,1.648375,0.591875,0.684
1725851417.293355,1.635,1.64675,0.5896250000000001,0.6865
1725851417.3339286,1.6343750000000001,1.647125,0.58825,0.6880000000000001
1725851417.3743596,1.633875,1.6480000000000001,0.5915,0.684
1725851417.415172,1.634875,1.646625,0.5866250000000001,0.68675
1725851417.4543395,1.6335,1.6485,0.592125,0.688625
1725851417.4961946,1.635125,1.64625,0.587125,0.6875
1725851417.5363696,1.63375,1.64825,0.59075,0.688125
1725851417.576233,1.634625,1.64775,0.591,0.68775
1725851417.6161213,1.635,1.647,0.586375,0.693375
1725851417.6559134,1.6335,1.648125,0.592375,0.692625
1725851417.695249,1.635375,1.6463750000000001,0.587,0.68925
1725851417.7354867,1.63375,1.64775,0.591,0.6885
1725851417.7834744,1.633875,1.6480000000000001,0.5886250000000001,0.690875
1725851417.827122,1.635125,1.646875,0.58825,0.685875
1725851417.8704634,1.63325,1.648375,0.59075,0.687125
1725851417.9102602,1.63525,1.646625,0.586875,0.685125
1725851417.9560907,1.633625,1.6485,0.59225,0.684125
1725851417.9978635,1.635,1.6463750000000001,0.586,0.682125
1725851418.0375657,1.633375,1.648125,0.59325,0.6875
1725851418.080686,1.635,1.6463750000000001,0.58575,0.68925
1725851418.1206615,1.633625,1.64825,0.592125,0.6900000000000001
1725851418.1617548,1.635125,1.64625,0.5875,0.688125
1725851418.2022245,1.633625,1.6476250000000001,0.589875,0.6910000000000001
1725851418.2419,1.633875,1.64625,0.588375,0.692125
1725851418.2909331,1.63325,1.64825,0.5915,0.68575
1725851418.3346324,1.633625,1.647375,0.58975,0.68325
1725851418.3802197,1.635125,1.64775,0.5895,0.683875
1725851418.433321,1.634875,1.647125,0.58725,0.68925
1725851418.476298,1.63475,1.646875,0.588125,0.6940000000000001
1725851418.5230446,1.63375,1.64825,0.59275,0.688625
1725851418.5639284,1.635125,1.646125,0.586,0.689875
1725851418.603443,1.633375,1.6480000000000001,0.592125,0.6890000000000001
1725851418.643909,1.63525,1.64675,0.588,0.689375
1725851418.6842918,1.6340000000000001,1.647125,0.589125,0.686625
1725851418.7241917,1.63375,1.648125,0.591375,0.687875
1725851418.7638962,1.63525,1.64625,0.58625,0.688375
1725851418.804564,1.633625,1.6485,0.592125,0.688625
1725851418.8434277,1.634875,1.64725,0.5885,0.688375
1725851418.8822203,1.63475,1.6465,0.58725,0.687125
1725851418.9225392,1.6335,1.648375,0.592625,0.687
1725851418.9625318,1.634875,1.6463750000000001,0.58625,0.691625
1725851419.0098312,1.63525,1.646875,0.591375,0.695375
1725851419.0500867,1.635,1.646875,0.58725,0.69325
1725851419.0895946,1.633875,1.648125,0.5925,0.6945
1725851419.132525,1.635,1.6465,0.5865,0.697625
1725851419.1713905,1.63375,1.648375,0.5925,0.693625
1725851419.2116778,1.635125,1.6465,0.5876250000000001,0.6935
1725851419.2520325,1.633625,1.647875,0.5895,0.69625
1725851419.2908475,1.633625,1.64725,0.590375,0.69525
1725851419.3349473,1.63375,1.64775,0.5885,0.694375
1725851419.3753421,1.63425,1.64775,0.591125,0.694375
1725851419.4144928,1.635125,1.646625,0.586875,0.695875
1725851419.4554956,1.633625,1.64825,0.592875,0.696625
1725851419.4956412,1.63525,1.64625,0.586125,0.6915
1725851419.5380938,1.633875,1.647125,0.591375,0.690875
1725851419.5856972,1.633625,1.64825,0.591125,0.689875
1725851419.631177,1.635125,1.646875,0.58725,0.693875
1725851419.6792715,1.635125,1.647,0.59,0.692625
1725851419.7330768,1.635,1.647875,0.58875,0.695125
1725851419.77654,1.635,1.6463750000000001,0.58925,0.691625
1725851419.828478,1.635,1.6465,0.5885,0.695125
1725851419.868041,1.63375,1.647375,0.5895,0.69975
1725851419.9074202,1.633875,1.647875,0.590875,0.697375
1725851419.947929,1.63475,1.6463750000000001,0.58675,0.69275
1725851419.9873352,1.6335,1.648125,0.5925,0.6955
1725851420.0306818,1.635375,1.64625,0.586,0.69625
1725851420.0706995,1.6335,1.648375,0.592375,0.6955
1725851420.1119852,1.634875,1.6465,0.588125,0.693875
1725851420.1667764,1.6345,1.647875,0.588375,0.69775
1725851420.2202845,1.633625,1.6485,0.5915,0.695625
1725851420.2638178,1.63525,1.647375,0.5896250000000001,0.694125
1725851420.3145957,1.635,1.648375,0.5895,0.68775
1725851420.368487,1.633875,1.64875,0.58975,0.6865
1725851420.4229,1.63375,1.6480000000000001,0.587,0.6900000000000001
1725851420.477676,1.635375,1.6465,0.5915,0.690125
1725851420.5360076,1.6335,1.64825,0.5895,0.689375
1725851420.5824983,1.635125,1.647125,0.58675,0.69725
1725851420.6265154,1.634875,1.646625,0.589,0.693375
1725851420.6672356,1.6340000000000001,1.646875,0.5896250000000001,0.698625
1725851420.7079983,1.63375,1.647875,0.591375,0.6940000000000001
1725851420.7500062,1.63475,1.647,0.587125,0.695125
1725851420.7892125,1.6335,1.64825,0.592375,0.694875
1725851420.8296404,1.635,1.64625,0.5866250000000001,0.6935
1725851420.8726091,1.633625,1.648125,0.59225,0.69775
1725851420.911788,1.63475,1.6463750000000001,0.586875,0.695375
1725851420.951775,1.633625,1.6476250000000001,0.590125,0.69675
1725851420.9935942,1.635125,1.646875,0.589125,0.69825
1725851421.0331879,1.634875,1.646875,0.58725,0.697375
1725851421.0750837,1.633875,1.64775,0.591875,0.695125
1725851421.1143007,1.635125,1.646125,0.58625,0.69875
1725851421.1545322,1.633625,1.648375,0.592125,0.69475
1725851421.1941364,1.635,1.6465,0.58725,0.70175
1725851421.234704,1.6335,1.6475,0.589875,0.701375
1725851421.2736185,1.633625,1.64825,0.591875,0.701375
1725851421.3130753,1.63475,1.646125,0.586,0.701375
1725851421.3551593,1.633625,1.6485,0.59225,0.702125
1725851421.3939266,1.635125,1.646875,0.58825,0.701125
1725851421.433164,1.634625,1.647,0.588,0.70075
1725851421.472549,1.6335,1.6485,0.59225,0.700625
1725851421.511589,1.634875,1.6465,0.58775,0.69725
1725851421.552149,1.6335,1.64825,0.5895,0.6995
1725851421.5914733,1.633625,1.646875,0.58925,0.700375
1725851421.632703,1.635,1.647,0.5885,0.702375
1725851421.6730094,1.633625,1.64825,0.591875,0.702375
1725851421.7138557,1.63525,1.646625,0.58625,0.698625
1725851421.7540567,1.633375,1.64825,0.5916250000000001,0.700625
1725851421.7946832,1.63525,1.6465,0.5876250000000001,0.702375
1725851421.8338566,1.633875,1.648125,0.589,0.69925
1725851421.8751638,1.6343750000000001,1.64775,0.59075,0.694375
1725851421.9143314,1.635125,1.6465,0.586875,0.6960000000000001
1725851421.9573631,1.6335,1.648125,0.59225,0.697625
1725851421.9985144,1.635,1.647125,0.5865,0.698375
1725851422.0376577,1.633625,1.6485,0.592,0.696125
1725851422.0772247,1.635125,1.6465,0.58675,0.698625
1725851422.1180952,1.633625,1.6476250000000001,0.59,0.692875
1725851422.1571252,1.633875,1.648125,0.5916250000000001,0.70025
1725851422.1961377,1.635,1.6465,0.587125,0.701375
1725851422.234106,1.63375,1.647375,0.5906250000000001,0.70075
1725851422.27488,1.6340000000000001,1.647,0.5896250000000001,0.69975
1725851422.315837,1.635,1.646875,0.5875,0.700625
1725851422.3545125,1.63375,1.648375,0.59325,0.702625
1725851422.3938036,1.635125,1.64625,0.586875,0.7030000000000001
1725851422.4355192,1.633625,1.6480000000000001,0.59075,0.70175
1725851422.4760966,1.635125,1.64725,0.589375,0.6970000000000001
1725851422.515566,1.635125,1.64675,0.58775,0.6995
1725851422.555122,1.633625,1.6485,0.59275,0.699375
1725851422.595479,1.635,1.64625,0.58725,0.697375
1725851422.634486,1.633625,1.6476250000000001,0.58925,0.698375
1725851422.6734097,1.63375,1.6480000000000001,0.591875,0.696375
1725851422.7128286,1.634875,1.6465,0.585875,0.6995
1725851422.7518938,1.633625,1.64775,0.59,0.701375
1725851422.7920759,1.634625,1.64675,0.5896250000000001,0.6995
1725851422.8323255,1.635125,1.647125,0.588375,0.7020000000000001
1725851422.872555,1.63375,1.647875,0.59075,0.69925
1725851422.917829,1.63375,1.647875,0.5886250000000001,0.700375
1725851422.9567022,1.63375,1.64825,0.592125,0.703125
1725851422.9971602,1.63525,1.6465,0.586125,0.704875
1725851423.0365484,1.633625,1.648375,0.5915,0.70075
1725851423.0752854,1.634625,1.64775,0.589375,0.702625
1725851423.11469,1.63525,1.646625,0.587,0.70575
1725851423.1550496,1.63375,1.6485,0.593125,0.70275
1725851423.1943588,1.635125,1.64625,0.587,0.70375
1725851423.2361073,1.6335,1.64825,0.5906250000000001,0.74025
1725851423.2760365,1.635125,1.647,0.58825,0.740625
1725851423.3170123,1.63375,1.647125,0.589125,0.7352500000000001
1725851423.356139,1.633625,1.64825,0.59225,0.74025
1725851423.3952084,1.634875,1.64625,0.587125,0.735
1725851423.4367094,1.63375,1.64875,0.592375,0.7445
1725851423.4785695,1.63525,1.6465,0.58575,0.7398750000000001
1725851423.5200098,1.633875,1.648625,0.592375,0.74175
1725851423.5651164,1.634875,1.646875,0.5865,0.7428750000000001
1725851423.6072276,1.633625,1.64775,0.590875,0.741625
1725851423.6479242,1.635,1.64625,0.587125,0.74075
1725851423.6868596,1.633375,1.64825,0.591875,0.736375
1725851423.726436,1.635125,1.646625,0.5885,0.7375
1725851423.7663105,1.6343750000000001,1.647,0.5885,0.7305
1725851423.8052025,1.633625,1.648375,0.592625,0.7358750000000001
1725851423.8440921,1.635,1.6465,0.58725,0.731875
1725851423.8841004,1.63375,1.64725,0.589375,0.731
1725851423.9242156,1.63375,1.647875,0.5915,0.733125
1725851423.9631712,1.635,1.64625,0.58625,0.7302500000000001
1725851424.003827,1.633875,1.64825,0.592625,0.73475
1725851424.0432017,1.63525,1.64675,0.588,0.728625
1725851424.0829546,1.634625,1.646875,0.588125,0.736625
1725851424.1225562,1.633875,1.647875,0.592875,0.72975
1725851424.165505,1.635,1.646625,0.586,0.731875
1725851424.2054703,1.6335,1.64825,0.592375,0.732125
1725851424.2450025,1.634875,1.64625,0.586875,0.728375
1725851424.286541,1.633375,1.64825,0.591125,0.730125
1725851424.3256168,1.635125,1.647,0.58925,0.738625
1725851424.3653293,1.635,1.6465,0.587125,0.726125
1725851424.4051824,1.633625,1.64825,0.592625,0.73075
1725851424.4449255,1.63525,1.64625,0.58625,0.718875
1725851424.4867182,1.633625,1.648375,0.591125,0.728625
1725851424.525193,1.634625,1.6475,0.590125,0.733375
1725851424.56414,1.63525,1.6465,0.58675,0.7365
1725851424.604107,1.633875,1.6485,0.59225,0.729875
1725851424.645885,1.635125,1.6460000000000001,0.587125,0.7282500000000001
1725851424.6872976,1.633625,1.64825,0.592125,0.73
1725851424.7275913,1.63525,1.646125,0.587125,0.7455
1725851424.7667093,1.633875,1.64725,0.589,0.734625
1725851424.8060539,1.633625,1.64825,0.591875,0.72475
1725851424.844874,1.635,1.64625,0.58625,0.73575
1725851424.886056,1.633875,1.648125,0.59075,0.729
1725851424.9249957,1.635,1.64725,0.59,0.735625
1725851424.9671273,1.633625,1.647875,0.5886250000000001,0.741125
1725851425.0070808,1.63375,1.647875,0.59075,0.74
1725851425.0479891,1.635,1.646625,0.5865,0.74275
1725851425.087548,1.633625,1.6485,0.5925,0.745625
1725851425.1275105,1.635125,1.64675,0.58725,0.733
1725851425.1670847,1.633625,1.6485,0.590875,0.725625
1725851425.211015,1.635125,1.6463750000000001,0.586875,0.7305
1725851425.2512927,1.63375,1.647875,0.5895,0.735375
1725851425.2909093,1.63425,1.646625,0.590375,0.736125
1725851425.3316102,1.635,1.646625,0.58775,0.729875
1725851425.3713236,1.63375,1.6485,0.59225,0.73975
1725851425.4110126,1.63475,1.64625,0.587875,0.737125
1725851425.4498346,1.63375,1.647375,0.5895,0.7405
1725851425.4902592,1.633375,1.6480000000000001,0.590875,0.740125
1725851425.530081,1.635125,1.6463750000000001,0.5866250000000001,0.74025
1725851425.5712671,1.6335,1.6485,0.592,0.74925
1725851425.6108277,1.634875,1.64625,0.58725,0.726625
1725851425.6516984,1.633375,1.647875,0.590875,0.735375
1725851425.6917806,1.634875,1.647125,0.5895,0.729625
1725851425.731963,1.634875,1.647,0.5876250000000001,0.74125
1725851425.7730505,1.63375,1.648375,0.59225,0.730625
1725851425.8129306,1.635,1.6463750000000001,0.58675,0.7355
1725851425.8527563,1.633625,1.64825,0.592125,0.7375
1725851425.893454,1.635125,1.64675,0.5885,0.7395
1725851425.931831,1.635,1.646875,0.587375,0.7342500000000001
1725851425.972055,1.63375,1.64825,0.593375,0.72375
1725851426.0124662,1.635,1.6463750000000001,0.586125,0.722875
1725851426.0522437,1.633625,1.6480000000000001,0.591125,0.724875
1725851426.0912602,1.63475,1.64775,0.590125,0.732875
1725851426.13118,1.635,1.6475,0.5885,0.737375
1725851426.175056,1.635125,1.646625,0.589875,0.736
1725851426.2182055,1.633875,1.6480000000000001,0.58975,0.7262500000000001
1725851426.267063,1.63375,1.64875,0.58825,0.72575
1725851426.3243217,1.6345,1.6463750000000001,0.588125,0.727875
1725851426.3696003,1.63375,1.648625,0.59325,0.72775
1725851426.4153879,1.634875,1.64825,0.589375,0.728125
1725851426.4678268,1.6335,1.64725,0.5875,0.72975
1725851426.525668,1.635125,1.6465,0.5886250000000001,0.73075
1725851426.5728703,1.633875,1.647875,0.59025,0.74375
1725851426.617671,1.63375,1.6480000000000001,0.59075,0.744375
1725851426.6659722,1.6340000000000001,1.648125,0.590125,0.7262500000000001
1725851426.7102828,1.63525,1.646625,0.58625,0.741
1725851426.7526884,1.633625,1.648375,0.592,0.7332500000000001
1725851426.7948244,1.635125,1.6463750000000001,0.585875,0.736375
1725851426.8378599,1.6335,1.64825,0.592375,0.741125
1725851426.878141,1.635,1.64625,0.586,0.74025
1725851426.918795,1.6335,1.648375,0.5905,0.74375
1725851426.957949,1.634625,1.647375,0.5896250000000001,0.7428750000000001
1725851426.9977896,1.635,1.646875,0.587875,0.758875
1725851427.0386605,1.6335,1.64825,0.59225,0.733625
1725851427.077516,1.634875,1.6463750000000001,0.588125,0.742625
1725851427.118715,1.633375,1.64825,0.591375,0.73675
1725851427.1590455,1.634875,1.64725,0.58825,0.7358750000000001
1725851427.1980674,1.635,1.646625,0.58775,0.738625
1725851427.2376363,1.6335,1.648375,0.592375,0.73925
1725851427.2775943,1.635125,1.6465,0.587125,0.73975
1725851427.3197632,1.633625,1.64875,0.591125,0.737375
1725851427.3589363,1.635125,1.646625,0.588375,0.737
1725851427.3983583,1.635125,1.647125,0.58825,0.74975
1725851427.4397533,1.6335,1.64825,0.5915,0.746625
1725851427.4791453,1.635,1.6463750000000001,0.58625,0.74425
1725851427.51733,1.63375,1.64775,0.590375,0.749
1725851427.5567524,1.63375,1.6480000000000001,0.5916250000000001,0.7498750000000001
1725851427.595625,1.635125,1.6463750000000001,0.586,0.747375
1725851427.6352613,1.63375,1.648375,0.591375,0.7428750000000001
1725851427.674731,1.635,1.647375,0.58975,0.735625
1725851427.713392,1.63525,1.64675,0.587125,0.73975
1725851427.7539172,1.633875,1.6485,0.591875,0.7375
1725851427.792732,1.63525,1.646625,0.588,0.7358750000000001
1725851427.8319297,1.634625,1.646875,0.588375,0.74325
1725851427.8712986,1.633375,1.64825,0.592,0.740375
1725851427.9103193,1.634875,1.6463750000000001,0.587875,0.74925
1725851427.9508562,1.633625,1.64775,0.590375,0.747375
1725851427.9906657,1.6343750000000001,1.647375,0.589375,0.745125
1725851428.0311232,1.635125,1.646625,0.587125,0.70975
1725851428.0712423,1.633875,1.6485,0.592125,0.749625
1725851428.1105847,1.635125,1.646125,0.586375,0.750375
1725851428.1520996,1.6335,1.648125,0.591125,0.74
1725851428.1909297,1.63475,1.6475,0.590875,0.729125
1725851428.2313902,1.63525,1.647,0.586875,0.73675
1725851428.2728348,1.633625,1.648375,0.592375,0.725375
1725851428.3115113,1.635125,1.6463750000000001,0.586875,0.7405
1725851428.3499238,1.63375,1.647375,0.59025,0.7348750000000001
1725851428.3886204,1.633875,1.648125,0.592,0.744625
1725851428.429138,1.635,1.64625,0.586375,0.7465
1725851428.4696276,1.63375,1.6485,0.59175,0.7465
1725851428.508437,1.634875,1.646875,0.589125,0.7398750000000001
1725851428.548325,1.635,1.64675,0.58825,0.745375
1725851428.5889466,1.633375,1.648125,0.5916250000000001,0.733375
1725851428.6278691,1.63475,1.6463750000000001,0.58625,0.744625
1725851428.6690192,1.63375,1.648375,0.592375,0.7358750000000001
1725851428.7121432,1.635,1.6465,0.5866250000000001,0.7425
1725851428.7530925,1.63375,1.648625,0.593125,0.740625
1725851428.7959416,1.635,1.6463750000000001,0.5865,0.742375
1725851428.8365784,1.633625,1.648125,0.59225,0.761375
1725851428.8765476,1.635125,1.6463750000000001,0.5876250000000001,0.737375
1725851428.9160812,1.633875,1.6476250000000001,0.58925,0.74425
1725851428.9552739,1.633625,1.647875,0.590375,0.7365
1725851428.9981246,1.634875,1.64675,0.5876250000000001,0.74475
1725851429.0375473,1.63375,1.648375,0.59275,0.7282500000000001
1725851429.0776284,1.634875,1.6465,0.586,0.734125
1725851429.120231,1.633625,1.648125,0.592375,0.732625
1725851429.1598823,1.635125,1.6463750000000001,0.58675,0.73925
1725851429.2005224,1.6335,1.647875,0.590375,0.736375
1725851429.2391243,1.633625,1.648125,0.59125,0.734
1725851429.2810016,1.635125,1.6465,0.586375,0.735
1725851429.3206642,1.633625,1.6485,0.592625,0.736375
1725851429.3603482,1.63525,1.6463750000000001,0.58775,0.7342500000000001
1725851429.4013026,1.633875,1.648375,0.5905,0.73575
1725851429.4410017,1.635,1.64775,0.59025,0.7418750000000001
1725851429.479481,1.635125,1.6465,0.587125,0.73975
1725851429.5204253,1.6335,1.6485,0.592375,0.730375
1725851429.5601254,1.635125,1.6465,0.58575,0.738
1725851429.6019518,1.6335,1.6485,0.59175,0.733875
1725851429.6414847,1.634875,1.64725,0.589875,0.736375
1725851429.6800654,1.634875,1.647125,0.587125,0.732375
1725851429.7219615,1.633375,1.648375,0.5925,0.7332500000000001
1725851429.7618525,1.635375,1.64625,0.5856250000000001,0.725
1725851429.8013954,1.63375,1.648125,0.59125,0.733875
1725851429.8400786,1.6340000000000001,1.6476250000000001,0.5905,0.728125
1725851429.88172,1.6345,1.646875,0.5876250000000001,0.740625
1725851429.9215796,1.6335,1.648125,0.59225,0.7365
1725851429.961828,1.63525,1.64625,0.587,0.7435
1725851430.00191,1.63325,1.648375,0.5916250000000001,0.75375
1725851430.0410032,1.63475,1.6476250000000001,0.58975,0.740125
1725851430.0798686,1.635,1.6463750000000001,0.586875,0.7315
1725851430.1198199,1.633625,1.64875,0.5916250000000001,0.73275
1725851430.1589627,1.635125,1.646875,0.588125,0.727875
1725851430.199736,1.633625,1.64725,0.589,0.738375
1725851430.2395349,1.633625,1.64825,0.591125,0.72875
1725851430.2786946,1.63525,1.646875,0.587375,0.737625
1725851430.3231664,1.6335,1.647,0.590375,0.7312500000000001
1725851430.363584,1.635,1.6465,0.5875,0.73175
1725851430.4037588,1.6335,1.648625,0.592875,0.733125
1725851430.4425468,1.634625,1.646875,0.589,0.735625
1725851430.481264,1.635,1.6465,0.589375,0.7345
1725851430.5237517,1.6343750000000001,1.64775,0.5906250000000001,0.721
1725851430.5635428,1.635,1.6465,0.587125,0.7458750000000001
1725851430.6042964,1.6335,1.6485,0.592875,0.726125
1725851430.6442661,1.63475,1.6463750000000001,0.587125,0.718375
1725851430.6842391,1.633625,1.647875,0.590875,0.7322500000000001
1725851430.72459,1.634875,1.64675,0.589125,0.6995
1725851430.7660625,1.633625,1.64775,0.58825,0.700375
1725851430.806002,1.633375,1.647875,0.5905,0.703125
1725851430.8471656,1.635,1.64675,0.586875,0.7046250000000001
1725851430.8869317,1.6340000000000001,1.6485,0.592125,0.702625
1725851430.9263341,1.635125,1.6463750000000001,0.58775,0.7030000000000001
1725851430.9673247,1.633875,1.648125,0.589875,0.7030000000000001
1725851431.007576,1.635375,1.6463750000000001,0.590125,0.730375
1725851431.0493755,1.63375,1.6475,0.58875,0.7025
